regime,log_loss,brier
expanding,1.1034358257379937,0.651919146111806
rolling,1.1357688993867694,0.6795134139742046
