regime,log_loss,brier
expanding+elo+form,1.1360288235572193,0.6575021683379076
